{
    "data_timeline": {
        "reqType": "addContents",
        "viewType": "chart",
        "contentsName": "공격 이름(시간)",
        "dataType": "attack",
        "contentsData": "attack_name_timeline",
        "chartTypeSum": "spline",
        "chartTypeAvg": "spline",
        "isSum": "true",
        "isAvg": "false",
        "isLast": "false",
        "chart3d": "false",
        "recently": "3600",
        "avgper": "1",
        "interval": "10",
        "refresh": "10",
        "filter": "",
        "limit": "5"
    },
    "data_pie": {
        "reqType": "addContents",
        "viewType": "chart",
        "contentsName": "공격 이름",
        "dataType": "attack",
        "contentsData": "attack_name",
        "chartTypeSum": "pie",
        "chartTypeAvg": "spline",
        "isSum": "true",
        "isAvg": "false",
        "isLast": "false",
        "chart3d": "false",
        "recently": "3600",
        "avgper": "1",
        "interval": "10",
        "refresh": "10",
        "filter": "",
        "limit": "5"
    },
    "data_name_time": {
        "reqType": "addContents",
        "viewType": "chart",
        "contentsName": "공격 이름(시간)",
        "dataType": "attack",
        "contentsData": "attack_name_timeline",
        "chartTypeSum": "spline",
        "chartTypeAvg": "spline",
        "isSum": "true",
        "isAvg": "false",
        "isLast": "false",
        "chart3d": "false",
        "recently": "3600",
        "avgper": "1",
        "interval": "10",
        "refresh": "10",
        "filter": "",
        "limit": "5"
    }
}
